"","category","subcategory","ID","Description","GeneRatio","BgRatio","RichFactor","FoldEnrichment","zScore","pvalue","p.adjust","qvalue","geneID","Count"
"2","Environmental Information Processing","Membrane transport","aste02010","ABC transporters","4/43","40/4559",0.1,10.6023255813954,5.95154434502282,0.000490123283950648,0.00828438761270513,0.00588120540436839,"118509544/118510744/118510746/118515239",4
"5","Organismal Systems","Immune system","aste04624","Toll and Imd signaling pathway","4/43","54/4559",0.0740740740740741,7.8535745047373,4.94323255251641,0.00154120138877393,0.0111502270197442,0.00791570584021008,"118504847/118506135/118507956/118509864",4
