"","category","subcategory","ID","Description","GeneRatio","BgRatio","RichFactor","FoldEnrichment","zScore","pvalue","p.adjust","qvalue","geneID","Count"
"3",NA,NA,"aste04081","Hormone signaling","16/239","52/4559",0.307692307692308,5.86932732539427,8.30560168982301,3.7719851960274e-09,1.29504825063607e-07,1.11174300514492e-07,"118503214/118503979/118505666/118506342/118506685/118507829/118508044/118508836/118509728/118509964/118510863/118512346/118512835/118512972/118513188/118514501",16
"5","Metabolism","Nucleotide metabolism","aste00230","Purine metabolism","13/239","85/4559",0.152941176470588,2.91740093526951,4.19680359573522,0.000409593668918734,0.00843762957972593,0.00724334067140499,"118502929/118504467/118505480/118506546/118506685/118506718/118506882/118509000/118509964/118510863/118512789/118513258/118514501",13
"6","Metabolism","Amino acid metabolism","aste00220","Arginine biosynthesis","5/239","15/4559",0.333333333333333,6.35843793584379,4.88887474411663,0.000739240148724966,0.0126902892197786,0.0108940653496311,"118502878/118504021/118504604/118507907/118512972",5
"7","Cellular Processes","Cell motility","aste04820","Cytoskeleton in muscle cells","9/239","56/4559",0.160714285714286,3.06567543335326,3.65804768160599,0.00223746013781633,0.0326804636493084,0.0280547669549505,"118504398/118509744/118510606/118510620/118512556/118512557/118512987/118513122/118514155",9
"8","Environmental Information Processing","Signal transduction","aste04068","FoxO signaling pathway","9/239","57/4559",0.157894736842105,3.01189165382074,3.5948726424004,0.00253828843878123,0.0326804636493084,0.0280547669549505,"118504543/118507761/118508044/118508888/118510750/118510929/118511194/118512835/118513208",9
