"","category","subcategory","ID","Description","GeneRatio","BgRatio","RichFactor","FoldEnrichment","zScore","pvalue","p.adjust","qvalue","geneID","Count"
"2","Metabolism","Glycan biosynthesis and metabolism","aste00512","Mucin type O-glycan biosynthesis","9/257","22/4559",0.409090909090909,7.25698620445702,7.1896983121113,1.30263481214193e-06,6.90396450435224e-05,5.6904573372516e-05,"118503098/118503102/118503105/118505158/118508047/118511189/118512469/118514458/118517345",9
"4","Environmental Information Processing","Signal transduction","aste04310","Wnt signaling pathway","13/257","74/4559",0.175675675675676,3.11636344515722,4.48583615369223,0.000202798046956355,0.00537414824434341,0.00442953628878355,"118502549/118503029/118503061/118503338/118503650/118504079/118506497/118506570/118508155/118508987/118509015/118509225/118512441",13
"8","Cellular Processes","Transport and catabolism","aste04148","Efferocytosis","11/257","73/4559",0.150684931506849,2.67304514684718,3.52174555385041,0.00231427167611674,0.0283800335468881,0.0233916860416258,"118503234/118504791/118505437/118505942/118506357/118508987/118510715/118511216/118511695/118512570/118517741",11
"10","Organismal Systems","Development and regeneration","aste04320","Dorso-ventral axis formation","6/257","26/4559",0.230769230769231,4.09368452559114,3.86623598342081,0.0026773616553668,0.0283800335468881,0.0233916860416258,"118504340/118510008/118510660/118510831/118512570/118513099",6
"11","Cellular Processes","Cell motility","aste04814","Motor proteins","13/257","104/4559",0.125,2.21741245136187,3.06936879710684,0.00520762557784471,0.0484711922294413,0.0399514295436309,"118502780/118503370/118503483/118505225/118505310/118506025/118506182/118506550/118507959/118508123/118508355/118511112/118516954",13
