"","category","subcategory","ID","Description","GeneRatio","BgRatio","RichFactor","FoldEnrichment","zScore","pvalue","p.adjust","qvalue","geneID","Count"
"1","Organismal Systems","Aging","aste04213","Longevity regulating pathway - multiple species","3/7","45/4559",0.0666666666666667,43.4190476190476,11.2129903109053,3.06077574639492e-05,0.00039790084703134,9.66560762019449e-05,"118510278/118512872/118512873",3
"2","Genetic Information Processing","Folding, sorting and degradation","aste04141","Protein processing in endoplasmic reticulum","3/7","127/4559",0.0236220472440945,15.384701912261,6.44670659648899,0.000680876428935018,0.00442569678807762,0.00107506804568687,"118510278/118512872/118512873",3
