"","ID","Description","GeneRatio","BgRatio","RichFactor","FoldEnrichment","zScore","pvalue","p.adjust","qvalue","geneID","Count"
"1","GO:0009408","response to heat","3/21","10/9793",0.3,139.9,20.3713513669708,1.01012483507545e-06,2.86252772840764e-05,1.74959249953608e-05,"118510278/118512872/118512873",3
"2","GO:0044183","protein folding chaperone","3/21","12/9793",0.25,116.583333333333,18.5715362010482,1.84679208284364e-06,2.86252772840764e-05,1.74959249953608e-05,"118510278/118512872/118512873",3
"3","GO:0042026","protein refolding","3/21","20/9793",0.15,69.95,14.3083297244918,9.46469269455201e-06,9.78018245103708e-05,5.97770064919075e-05,"118510278/118512872/118512873",3
"4","GO:0004568","chitinase activity","2/21","22/9793",0.0909090909090909,42.3939393939394,9.01015399843355,0.000985914009529783,0.00764083357385582,0.0046701189925095,"118509377/118517322",2
"5","GO:0006032","chitin catabolic process","2/21","25/9793",0.08,37.3066666666667,8.42572300122214,0.00127545379860706,0.00790781355136379,0.00483329860524782,"118509377/118517322",2
